,tweet_id, extracted_url, detections,extracted_url
0,1.5291695370311475e+18,,,
1,1529169536834244608,,,null
2,1.5291695358567424e+18,,,
3,1529169535831625731,,,https://youtu.be/c9oxKB2KR60
4,1529169535517040640,,,https://discord.com/invite/metakongz
5,1529169535370031105,,,https://opensea.io/collection/okeyhumans
6,1529169535307337729,,,null
7,1529169535194091521,,,null
8,1529169534485159936,,,https://events.decentraland.org/event/?id=11fb8d15-832c-4d9e-b708-9b13e51bb070
9,1529169534430633985,,,https://t.me/vibloscommunity
10,1529169534309089280,,,null
11,1529169534267031553,,,null
12,1529169533893844992,,,null
13,1529169533503557632,,,https://opensea.io/collection/mazeverse-official
14,1529169532543172612,,,null
15,1529169532312494081,,,null
16,1529169531461152774,,,null
17,1.5291695309873848e+18,,,
18,1529169530861363205,,,null
19,1529169530827710467,,,null
20,1529169530823380992,,,null
21,1529169530592931841,,,https://magiceden.io/item-details/G5uGFZQqC33KV7snbBexpWSh46CFU6icMUtjRcJcrp8w
22,1.5291695300436623e+18,,,
23,1529169529326211074,,,null
24,1529169528860692481,,,null
25,1529169528826888192,,,null
26,1.5291695286634414e+18,,,
27,1529169528311398400,,,https://gleam.io/competitions/W0qLZ-5000-shoot-giveaway
28,1529169528076509184,,,https://opensea.io/collection/baby-doll-pankusuru
29,1.529169527753347e+18,,,
30,1529169527405264896,,,https://coinmarketcap.com/gravity/articles/28440
31,1529169526805385217,,,null
32,1529169525865865218,,,null
33,1529169525760925696,,,null
34,1529169525509603328,,,https://web3-nft.mobox-launch.mom/momoverse.mobox.io/
35,1529169525467496448,,,null
36,1529169524649603079,,,null
37,1.529169524360102e+18,,,
38,1529169524280283136,,,null
39,1.5291695241336996e+18,,,
40,1.5291695240497766e+18,,,
41,1529169523257274368,,,null
42,1529169523038822400,,,https://mint.spacecadetsnft.com
43,1529169522472603648,,,http://Discord.gg/hapewives
44,1529169522145603584,,,http://discord.gg/KpRpV8eYVX
45,1529169522007089155,,,null
46,1529169519922630656,,,https://t.me/vibloscommunity
47,1529169519502995456,,,null
48,1529169519343706115,,,null
49,1.5291695185007124e+18,,,
50,1529169518030774272,,,null
51,1529169517955321856,,,null
52,1529169517573812229,,,null
53,1529169517091225601,,,null
54,1529169517057781760,,,null
55,1529169517041287168,,,null
56,1529169516852297728,,,null
57,1529169516713984003,,,null
58,1529169516583800832,,,null
59,1.529169515929645e+18,,,
60,1.5291695152585646e+18,,,
61,1529169514901929985,,,null
62,1529169514784358401,,,https://droptown.io/latest-news/ethereum-news/algorands-report-card-22-days-after-the-announcement-of-a-partnership-with-fifa/
63,1529169513006112771,,,https://discord.gg/nZgyYdWVq2
64,1529169512867590144,,,http://discord.gg/jap67euSfF
65,1529169512549216256,,,null
66,1.529169512427307e+18,,,
67,1529169512347897857,,,null
68,1529169512242741252,,,null
69,1529169511793950720,,,null
70,1529169511773093891,,,null
71,1529169511517040640,,,https://mintable.app/COLLECTIBLES/item/0040-DPFC/0xc23d925684919c1619f13427817d3fee6c24debb:10841986198795520848290564722163632845357377141614686179755014570362541414448
72,1529169511450087426,,,null
73,1.529169511240319e+18,,,
74,1529169511005700096,,,https://mint.spacecadetsnft.com
75,1529169510934007808,,,null
76,1529169509810044931,,,https://oncyber.io/dgsg
77,1529169509428236289,,,null
78,1529169509310992384,,,https://opensea.io/collection/et-clube
79,1529169508199546881,,,https://bit.ly/PMHOS
80,1529169507549315074,,,https://foundation.app/@gaeldk
81,1.5291695069956833e+18,,,
82,1529169506852929536,,,null
83,1529169506303627266,,,http://discord.gg/2YCjsadUAN
84,1529169505104015361,,,https://discord.gg/promisphere
85,1529169504688816129,,,null
86,1.52916950434936e+18,,,
87,1529169503422140417,,,null
88,1529169502797283334,,,https://t.me/vibloscommunity
89,1529169502784475137,,,null
90,1529169502780399617,,,null
91,1529169502545629187,,,https://wn.nr/2B6TFZ
92,1.5291695022812938e+18,,,
93,1529169502054887424,,,null
94,1529169501421309954,,,null
95,1529169500872007680,,,null
96,1.5291695005533225e+18,,,
97,1529169500209180674,,,null
98,1529169499890454528,,,http://discord.gg/4eEg7YvpWe
99,1529169499236147201,,,null
100,1529169499148386304,,,null
101,1529169498942717952,,,null
102,1529169498431016960,,,null
103,1529169498384633856,,,null
104,1529169498208555008,,,null
105,1529169497634091016,,,null
106,1529169497105440768,,,null
107,1529169497059385349,,,null
108,1529169496627216384,,,null
109,1529169496224813056,,,null
110,1529169496119955458,,,null
111,1529169496048513024,,,null
112,1529169495583248384,,,null
113,1529169495520165889,,,https://magiceden.io/item-details/FSWTvfWdv8KmVweh8Gsc8WkZx3yZS26qspwXF4F3GFZv
114,1.529169495180419e+18,,,
115,1529169495075434496,,,null
116,1529169494530203649,,,https://magiceden.io/item-details/5PmVLRbDqjy9sbRBGupTMoZQRW5E4M1TzBomNqpHCTNn
117,1529169494412644353,,,null
118,1529169492986564609,,,http://opensea.io/ARTARIAN
119,1529169492269735936,,,https://premint.xyz/cryptotanks/
120,1.5291694921730662e+18,,,
121,1.529169491992531e+18,,,
122,1529169491891892224,,,https://opensea.io/collection/nebular-world-s1
123,1529169491468222465,,,https://www.mogulproductions.com/post/mogul-partners-with-arabian-camels-nft-to-help-launch-upcoming-50m-feature-film-antara
124,1529169491183161345,,,null
125,1529169490604609536,,,null
126,1529169490260393984,,,null
127,1529169490117902336,,,https://www.youtube.com/watch?v=ss2-8nzM-P8
128,1.5291694896732078e+18,,,
129,1529169489455095808,,,null
130,1529169488964464641,,,null
131,1529169488796700673,,,null
132,1.5291694884862198e+18,,,
133,1529169487492046851,,,https://linktr.ee/Puli_Token
134,1529169487290847239,,,https://t.me/vibloscommunity
135,1529169487240503297,,,null
136,1.5291694858564854e+18,,,
137,1529169485822844928,,,http://anubexofficial.com/mint
138,1529169485772607488,,,https://rarible.com/token/0xc9154424B823b10579895cCBE442d41b9Abd96Ed:6573967499603184304691659001158883723687512775801131183873240653567363121153
139,1529169485474807809,,,https://www.instagram.com/meta4crafts/
140,1529169485470412800,,,https://www.mogulproductions.com/post/mogul-partners-with-arabian-camels-nft-to-help-launch-upcoming-50m-feature-film-antara
141,1529169485327912962,,,https://linktr.ee/kyuubiglobal
142,1529169483608252417,,,null
143,1529169483109216256,,,null
144,1.529169482786259e+18,,,
145,1529169482643427328,,,https://mint.spacecadetsnft.com
146,1529169482236796928,,,https://jjprints.co.uk/product/order-nft/
147,1529169481687347202,,,https://www.voice.com/creation/100000001088421
148,1529169481628536832,,,https://linktr.ee/RBXSamurai
149,1529169480756383744,,,null
150,1.5291694803450798e+18,,,
151,1529169480311619585,,,null
152,1529169480215314432,,,http://discord.gg/4eEg7YvpWe
153,1529169479485341697,,,null
154,1529169479162134529,,,null
155,1.529169478734463e+18,,,
156,1529169478461714433,,,null
157,1529169477996249088,,,https://discord.gg/aCh9sXFP
158,1529169477795196928,,,null
159,1529169477715124224,,,null
160,1.5291694776942756e+18,,,
161,1.5291694768345375e+18,,,
162,1.529169476604035e+18,,,
163,1529169476482125825,,,null
164,1529169476192817153,,,null
165,1529169476050161667,,,https://t.me/Airdrop/3655
166,1529169475886522369,,,https://galaxy.eco/MOVE/
167,1529169475706179585,,,http://teia.art/objkt/737968
168,1529169474842152960,,,null
169,1529169474703831045,,,https://opensea.io/assets/matic/0x2953399124f0cbb46d2cbacd8a89cf0599974963/38013765516452623852852726919076799923985576008222476011204308722848374980609/
170,1529169474284314630,,,null
171,1529169473562939393,,,null
172,1529169473017626625,,,null
173,1529169472502009857,,,null
174,1529169472375992320,,,null
175,1529169471855681536,,,https://t.me/upromiseme
176,1529169471637708801,,,null
177,1.5291694714950205e+18,,,
178,1529169470966665218,,,null
179,1529169470643650561,,,https://app.hotcross.com/iho
180,1529169470542950400,,,https://opensea.io/collection/3dbrunoclub
181,1529169470207545345,,,null
182,1529169470157377536,,,null
183,1529169470018682882,,,null
184,1.529169469943255e+18,,,
185,1529169469808881664,,,null
186,1529169469309960194,,,null
187,1529169469280759808,,,null
188,1529169469091741705,,,null
189,1529169468944941058,,,null
190,1529169468332580865,,,null
191,1529169468240416769,,,null
192,1529169468118679554,,,https://foundation.app/@gaeldk
193,1529169467736981505,,,https://wizardia.io/ref=jtdusxqbk7
194,1529169467246272520,,,null
195,1529169467166846976,,,https://opensea.io/collection/mazeverse-official
196,1529169466852098048,,,null
197,1529169466331959299,,,null
198,1529169465014747136,,,https://paras.id/collection/baby-village-by-babyandbunnynear
199,1529169464914513920,,,https://discord.com/invite/lootadog
